<?xml version="1.0" encoding="UTF-8"?>
<window>
    <controls>
        <control type="image">
            <left>0</left>
            <top>0</top>
            <width>1920</width>
            <height>1080</height>
            <texture>common/black.png</texture>
            <animation type="WindowOpen" reversible="false">
                <effect type="fade" start="0" end="80" time="200" tween="sine" easing="in" />
            </animation>
        </control>
        <control type="group">
            <left>60</left>
            <top>100</top>
            <animation type="WindowOpen" reversible="false">
                <effect type="zoom" start="50" end="100" time="200" center="910,440" tween="quadratic" easing="out" />
            </animation>
            <control type="group">
                <width>1800</width>
                <control type="image">
                    <height>885</height>
                    <texture colordiffuse="FF4a4347">common/white.png</texture>
                </control>
                <control type="image">
                    <height>100</height>
                    <texture colordiffuse="$INFO[Window().Property(tikiskins.dialog.highlight)]">common/gradients/gradient-underlayer-horizontal-flipped.png</texture>
                </control>
                <control type="image">
                    <left>15</left>
                    <top>15</top>
                    <width>70</width>
                    <height>70</height>
                    <align>left</align>
                    <aligny>top</aligny>
                    <aspectratio aligny="top">keep</aspectratio>
                    <texture colordiffuse="FFCCCCCC">common/fen.png</texture>
                </control>
                <control type="label">
                    <width max="1600">auto</width>
                    <top>35</top>
                    <left>110</left>
                    <height>20</height>
                    <font>font12</font>
                    <textcolor>FFFFFFFF</textcolor>
                    <align>center</align>
                    <label>[UPPERCASE][B]$INFO[Window().Property(tikiskins.dialog.heading)][/B][/UPPERCASE]</label>
                </control>
                <control type="group">
                    <visible>!String.IsEqual(Container(2025).ListItem.Property(tikiskins.dialog.default_icon),true)</visible>
                    <control type="image">
                        <left>1270</left>
                        <top>135</top>
                        <aligny>left</aligny>
                        <height>720</height>
                        <width>500</width>
                        <aspectratio aligny="top">keep</aspectratio>
                        <texture>$INFO[Container(2025).ListItem.Property(tikiskins.dialog.icon)]</texture>
                        <visible>String.IsEqual(Window().Property(tikiskins.dialog.multi_choice),false)</visible>
                    </control>
                    <control type="image">
                        <left>1270</left>
                        <top>355</top>
                        <aligny>left</aligny>
                        <height>500</height>
                        <width>500</width>
                        <aspectratio aligny="top">keep</aspectratio>
                        <texture>$INFO[Container(2025).ListItem.Property(tikiskins.dialog.icon)]</texture>
                        <visible>String.IsEqual(Window().Property(tikiskins.dialog.multi_choice),true)</visible>
                    </control>
                </control>
                <control type="group">
                    <visible>String.IsEqual(Container(2025).ListItem.Property(tikiskins.dialog.default_icon),true)</visible>
                    <control type="image">
                        <left>1270</left>
                        <top>355</top>
                        <aligny>left</aligny>
                        <height>500</height>
                        <width>500</width>
                        <aspectratio aligny="top">keep</aspectratio>
                        <texture>common/fen_large.png</texture>
                    </control>
                </control>
            </control>
            <control type="fixedlist" id="2025">
                <pagecontrol>2065</pagecontrol>
                <left>0</left>
                <top>135</top>
                <width>1200</width>
                <height>720</height>
                <onup>2025</onup>
                <ondown>2025</ondown>
                <onright>2065</onright>
                <scrolltime tween="sine">200</scrolltime>
                <orientation>Vertical</orientation>
                <focusposition>3</focusposition>
                <movement>4</movement>
                <scrolltime tween="sine">200</scrolltime>
                <itemlayout height="90" width="1200">
                    <control type="group">
                        <description>Only Line1</description>
                        <visible>String.IsEqual(Window().Property(tikiskins.dialog.multi_line),false)</visible>
                        <width max="1140">auto</width>
                        <left>40</left>
                        <height>90</height>
                        <control type="label">
                            <font>font12</font>
                            <textcolor>FFCCCCCC</textcolor>
                            <aligny>center</aligny>
                            <label>[UPPERCASE]$INFO[ListItem.Property(tikiskins.dialog.line1)][/UPPERCASE]</label>
                            <visible>String.IsEmpty(ListItem.Property(tikiskins.check_status))</visible>
                        </control>
                        <control type="label">
                            <font>font12</font>
                            <textcolor>FFED0606</textcolor>
                            <aligny>center</aligny>
                            <label>[UPPERCASE]$INFO[ListItem.Property(tikiskins.dialog.line1)][/UPPERCASE]</label>
                            <visible>!String.IsEmpty(ListItem.Property(tikiskins.check_status))</visible>
                        </control>
                    </control>
                    <control type="group">
                        <description>Line1 and Line2</description>
                        <visible>String.IsEqual(Window().Property(tikiskins.dialog.multi_line),true)</visible>
                        <width max="1140">auto</width>
                        <left>40</left>
                        <control type="label">
                            <top>25</top>
                            <height>5</height>
                            <font>font12</font>
                            <textcolor>FFCCCCCC</textcolor>
                            <aligny>center</aligny>
                            <label>[UPPERCASE][B]$INFO[ListItem.Property(tikiskins.dialog.line1)][/B][/UPPERCASE]</label>
                            <visible>String.IsEmpty(ListItem.Property(tikiskins.check_status))</visible>
                        </control>
                        <control type="label">
                            <top>25</top>
                            <height>5</height>
                            <font>font12</font>
                            <textcolor>FFED0606</textcolor>
                            <aligny>center</aligny>
                            <label>[UPPERCASE][B]$INFO[ListItem.Property(tikiskins.dialog.line1)][/B][/UPPERCASE]</label>
                            <visible>!String.IsEmpty(ListItem.Property(tikiskins.check_status))</visible>
                        </control>
                        <control type="label">
                            <top>60</top>
                            <height>5</height>
                            <font>font12</font>
                            <textcolor>FFA9A8A8</textcolor>
                            <aligny>center</aligny>
                            <label>[UPPERCASE][I]$INFO[ListItem.Property(tikiskins.dialog.line2)][/I][/UPPERCASE]</label>
                            <visible>String.IsEmpty(ListItem.Property(tikiskins.check_status))</visible>
                        </control>
                        <control type="label">
                            <top>60</top>
                            <height>5</height>
                            <font>font12</font>
                            <textcolor>FFED0606</textcolor>
                            <aligny>center</aligny>
                            <label>[UPPERCASE][I]$INFO[ListItem.Property(tikiskins.dialog.line2)][/I][/UPPERCASE]</label>
                            <visible>!String.IsEmpty(ListItem.Property(tikiskins.check_status))</visible>
                        </control>
                    </control>
                </itemlayout>
                <focusedlayout height="90" width="1200">
                    <control type="image">
                        <width>1200</width>
                        <height>90</height>
                        <aligny>top</aligny>
                        <texture colordiffuse="FFCCCCCC">common/white.png</texture>
                        <animation effect="fade" start="100" end="50" time="0" condition="!Control.HasFocus(2025)">Conditional</animation>
                    </control>
                    <control type="image">
                        <width>30</width>
                        <height>90</height>
                        <aligny>top</aligny>
                        <texture colordiffuse="$INFO[Window().Property(tikiskins.dialog.highlight)]">common/white.png</texture>
                        <animation effect="fade" start="100" end="50" time="0" condition="!Control.HasFocus(2025)">Conditional</animation>
                    </control>
                    <control type="group">
                        <description>Only Line1</description>
                        <visible>String.IsEqual(Window().Property(tikiskins.dialog.multi_line),false)</visible>
                        <left>40</left>
                        <width max="1140">auto</width>
                        <height>90</height>
                        <control type="label">
                            <font>font12</font>
                            <textcolor>FF4a4347</textcolor>
                            <aligny>center</aligny>
                            <label>[UPPERCASE]$INFO[ListItem.Property(tikiskins.dialog.line1)][/UPPERCASE]</label>
                            <visible>String.IsEmpty(ListItem.Property(tikiskins.check_status))</visible>
                        </control>
                        <control type="label">
                            <font>font12</font>
                            <textcolor>FFED0606</textcolor>
                            <aligny>center</aligny>
                            <label>[UPPERCASE]$INFO[ListItem.Property(tikiskins.dialog.line1)][/UPPERCASE]</label>
                            <visible>!String.IsEmpty(ListItem.Property(tikiskins.check_status))</visible>
                        </control>
                    </control>
                    <control type="group">
                        <description>Line1 and Line2</description>
                        <visible>String.IsEqual(Window().Property(tikiskins.dialog.multi_line),true)</visible>
                        <width max="1140">auto</width>
                        <left>40</left>
                        <control type="label">
                            <top>25</top>
                            <height>5</height>
                            <font>font12</font>
                            <textcolor>FF4a4347</textcolor>
                            <aligny>center</aligny>
                            <label>[UPPERCASE][B]$INFO[ListItem.Property(tikiskins.dialog.line1)][/B][/UPPERCASE]</label>
                            <visible>String.IsEmpty(ListItem.Property(tikiskins.check_status))</visible>
                        </control>
                        <control type="label">
                            <top>25</top>
                            <height>5</height>
                            <font>font12</font>
                            <textcolor>FFED0606</textcolor>
                            <aligny>center</aligny>
                            <label>[UPPERCASE][B]$INFO[ListItem.Property(tikiskins.dialog.line1)][/B][/UPPERCASE]</label>
                            <visible>!String.IsEmpty(ListItem.Property(tikiskins.check_status))</visible>
                        </control>
                        <control type="label">
                            <top>60</top>
                            <height>5</height>
                            <font>font12</font>
                            <textcolor>FF6D6D6D</textcolor>
                            <aligny>center</aligny>
                            <label>[UPPERCASE][I]$INFO[ListItem.Property(tikiskins.dialog.line2)][/I][/UPPERCASE]</label>
                            <visible>String.IsEmpty(ListItem.Property(tikiskins.check_status))</visible>
                        </control>
                        <control type="label">
                            <top>60</top>
                            <height>5</height>
                            <font>font12</font>
                            <textcolor>FFED0606</textcolor>
                            <aligny>center</aligny>
                            <label>[UPPERCASE][I]$INFO[ListItem.Property(tikiskins.dialog.line2)][/I][/UPPERCASE]</label>
                            <visible>!String.IsEmpty(ListItem.Property(tikiskins.check_status))</visible>
                        </control>
                    </control>
                </focusedlayout>
            </control>
            <control type="group">
                <visible>String.IsEqual(Window().Property(tikiskins.dialog.multi_choice),true)</visible>
                <top>130</top>
                <left>1330</left>
                <control type="button" id="10">
                    <description>OK</description>
                    <width>340</width>
                    <height>85</height>
                    <onup>11</onup>
                    <ondown>11</ondown>
                    <onleft>2025</onleft>
                    <onright>2025</onright>
                    <label>[B]$ADDON[plugin.video.fen 32839][/B]</label>
                    <font>font14</font>
                    <textcolor>FFB7B4BB</textcolor>
                    <focusedcolor>$INFO[Window().Property(tikiskins.dialog.highlight)]</focusedcolor>
                    <texturefocus colordiffuse="FFCCCCCC">common/white.png</texturefocus>
                    <texturenofocus colordiffuse="FF302F2F">common/white.png</texturenofocus>
                    <align>center</align>
                </control>
                <control type="button" id="11">
                    <description>Cancel</description>
                    <top>105</top>
                    <width>340</width>
                    <height>85</height>
                    <onup>10</onup>
                    <ondown>10</ondown>
                    <onleft>2025</onleft>
                    <onright>2025</onright>
                    <label>[B]$ADDON[plugin.video.fen 32840][/B]</label>
                    <font>font14</font>
                    <textcolor>FFB7B4BB</textcolor>
                    <focusedcolor>$INFO[Window().Property(tikiskins.dialog.highlight)]</focusedcolor>
                    <texturefocus colordiffuse="FFCCCCCC">common/white.png</texturefocus>
                    <texturenofocus colordiffuse="FF302F2F">common/white.png</texturenofocus>
                    <align>center</align>
                </control>
            </control>
            <control type="scrollbar" id="2065">
                <top>128</top>
                <left>1210</left>
                <width>30</width>
                <height>735</height>
                <texturesliderbackground border="15">scrollbars/scrollbaruni-bg.png</texturesliderbackground>
                <texturesliderbar border="15">scrollbars/scrollbaruni-bar.png</texturesliderbar>
                <texturesliderbarfocus colordiffuse="$INFO[Window().Property(tikiskins.dialog.highlight)]" border="15">scrollbars/scrollbaruni-bar-focus.png</texturesliderbarfocus>
                <textureslidernib>scrollbars/scrollbaruni-nib.png</textureslidernib>
                <textureslidernibfocus>scrollbars/scrollbaruni-nib.png</textureslidernibfocus>
                <onleft>2025</onleft>
                <onright>10</onright>
                <showonepage>false</showonepage>
                <orientation>vertical</orientation>
                <visible>Control.IsVisible(2025)</visible>
            </control>
        </control>
    </controls>
</window>
