<?xml version="1.0" encoding="UTF-8"?>
<!-- Foundation -->
<window id="2006">
    <onunload>ClearProperty(SetUserRating,home)</onunload>
    <onunload>ClearProperty(SetUserRating2,home)</onunload>
    <onload condition="Skin.HasSetting(osd.alwaysshowmusicosd)">ActivateWindow(musicosd)</onload>
    <onload>RunScript(script.artistslideshow)</onload>
    <controls>
        
        <!-- Background -->
        <control type="image" description="Background">
            <include>Dimensions_Fullscreen</include>
            <texture colordiffuse="Background">common/bg.jpg</texture>
            <visible>!Skin.HasSetting(musicvisualisation.hide.background)</visible>
        </control>
        <control type="image" description="FanartOverlay">
            <include>Dimensions_Fullscreen</include>
            <texture colordiffuse="FloorFade">common/floor.png</texture>
            <visible>!Skin.HasSetting(musicvisualisation.hide.background)</visible>
        </control>
        <control type="visualisation" id="2">
            <visible>Skin.HasSetting(OSDVisualisation.ShowFanart) | [!Skin.HasSetting(musicvis.fanartfallback) + [!System.AddonIsEnabled(script.artistslideshow) | Skin.HasSetting(ArtistSlideShow.Disabled)]]</visible>
            <description>visualisation</description>
            <include>Dimensions_Fullscreen</include>
        </control>
        
        <!-- Fanart -->
        <control type="group">
            <animation effect="fade" end="0" start="100" time="300" tween="sine" easing="out">WindowClose</animation>
            <animation effect="fade" start="0" end="100" time="450" delay="0" tween="sine" easing="in">WindowOpen</animation>            
            <control type="multiimage">
                <aspectratio>scale</aspectratio>
                <include>Dimensions_Fullscreen</include>
                <include>BackgroundFanartFadetime</include>
                <imagepath background="true">$VAR[Visualisation_Image]</imagepath>
                <animation effect="fade" start="100" end="75" time="0" condition="Skin.HasSetting(OSDVisualisation.ShowFanart)">Conditional</animation>
                <animation effect="fade" start="100" end="0" time="500" condition="String.Contains(Window(Visualisation).Property(ArtistSlideshow.Image),black-hd.png)">Conditional</animation>
                <include>Animation.Animate.Slideshow</include>
            </control>
        </control>
        
        <!-- Scrolling Text -->
        <control type="group">
            <top>350</top>
            <visible>!Skin.HasSetting(HideMusicScrollingText)</visible>
            <visible>!Window.IsVisible(script-cu-lrclyrics-main.xml)</visible>
            <animation effect="fade" start="0" end="100" time="950" delay="500" tween="cubic" easing="inout">Visible</animation>
            <animation effect="fade" start="0" end="100" time="950" tween="cubic" easing="inout">WindowOpen</animation>
            <animation effect="fade" end="0" start="100" time="350">Hidden</animation>
            <animation effect="fade" end="0" start="100" time="150">WindowClose</animation>
            <control type="label">
                <description>Now Playing</description>
                <left>0</left>
                <top>100</top>
                <right>0</right>
                <label>$INFO[MusicPlayer.Title,  ,]$INFO[MusicPlayer.Title,  ,]$INFO[MusicPlayer.Title,  ,]$INFO[MusicPlayer.Title,  ,]$INFO[MusicPlayer.Title,  ,]$INFO[MusicPlayer.Title,  ,]$INFO[MusicPlayer.Title,  ,]$INFO[MusicPlayer.Title,  ,]$INFO[MusicPlayer.Title,  ,]$INFO[MusicPlayer.Title,  ,]$INFO[MusicPlayer.Title,  ,]$INFO[MusicPlayer.Title,  ,]$INFO[MusicPlayer.Title,  ,]$INFO[MusicPlayer.Title,  ,]$INFO[MusicPlayer.Title,  ,]$INFO[MusicPlayer.Title,  ,]$INFO[MusicPlayer.Title,  ,]$INFO[MusicPlayer.Title,  ,]$INFO[MusicPlayer.Title,  ,]$INFO[MusicPlayer.Title,  ,]$INFO[MusicPlayer.Title,  ,]$INFO[MusicPlayer.Title,  ,]$INFO[MusicPlayer.Title,  ,]$INFO[MusicPlayer.Title,  ,]$INFO[MusicPlayer.Title,  ,]</label>
                <scroll>true</scroll>
                <font>Music_Biggest</font>
                <textcolor>77ffffff</textcolor>
                <align>left</align>
                <scrollspeed>55</scrollspeed>
                <visible>Integer.IsGreater(MusicPlayer.Time,0) + !String.IsEqual(Player.TimeRemaining(hh:mm:ss),00:00:01)</visible>
                <animation effect="fade" start="0" end="100" time="950" delay="500" tween="cubic" easing="inout">Visible</animation>
                <animation effect="fade" end="0" start="100" time="350">Hidden</animation>
            </control>
            <control type="label">
                <description>Now Playing</description>
                <left>0</left>
                <top>130</top>
                <right>0</right>
                <label>$INFO[MusicPlayer.Album,  ,]$INFO[MusicPlayer.Album,  ,]$INFO[MusicPlayer.Album,  ,]$INFO[MusicPlayer.Album,  ,]$INFO[MusicPlayer.Album, ,]$INFO[MusicPlayer.Album,  ,]$INFO[MusicPlayer.Album,  ,]$INFO[MusicPlayer.Album,  ,]$INFO[MusicPlayer.Album,  ,]$INFO[MusicPlayer.Album,  ,]$INFO[MusicPlayer.Album,  ,]$INFO[MusicPlayer.Album,  ,]$INFO[MusicPlayer.Album,  ,]$INFO[MusicPlayer.Album,  ,]$INFO[MusicPlayer.Album,  ,]$INFO[MusicPlayer.Album,  ,]$INFO[MusicPlayer.Album,  ,]$INFO[MusicPlayer.Album,  ,]$INFO[MusicPlayer.Album,  ,]$INFO[MusicPlayer.Album,  ,]$INFO[MusicPlayer.Album,  ,]$INFO[MusicPlayer.Album,  ,]$INFO[MusicPlayer.Album,  ,]$INFO[MusicPlayer.Album,  ,]$INFO[MusicPlayer.Album,  ,]</label>
                <scroll>true</scroll>
                <font>Music_Bigger</font>
                <textcolor>44cccccc</textcolor>
                <align>left</align>
                <scrollspeed>100</scrollspeed>
                <visible>Integer.IsGreater(MusicPlayer.Time,0) + !String.IsEqual(Player.TimeRemaining(hh:mm:ss),00:00:01)</visible>                
                <animation effect="fade" start="0" end="100" time="950" delay="500" tween="cubic" easing="inout">Visible</animation>
                <animation effect="fade" end="0" start="100" time="350">Hidden</animation>
            </control>
            <control type="label">
                <description>Now Playing</description>
                <left>0</left>
                <top>210</top>
                <right>0</right>
                <label>$INFO[MusicPlayer.Artist,  ,]$INFO[MusicPlayer.Artist,  ,]$INFO[MusicPlayer.Artist,  ,]$INFO[MusicPlayer.Artist,  ,]$INFO[MusicPlayer.Artist,  ,]$INFO[MusicPlayer.Artist,  ,]$INFO[MusicPlayer.Artist,  ,]$INFO[MusicPlayer.Artist,  ,]$INFO[MusicPlayer.Artist,  ,]$INFO[MusicPlayer.Artist,  ,]$INFO[MusicPlayer.Artist,  ,]$INFO[MusicPlayer.Artist,  ,]$INFO[MusicPlayer.Artist,  ,]$INFO[MusicPlayer.Artist,  ,]$INFO[MusicPlayer.Artist,  ,]$INFO[MusicPlayer.Artist,  ,]$INFO[MusicPlayer.Artist,  ,]$INFO[MusicPlayer.Artist,  ,]$INFO[MusicPlayer.Artist,  ,]$INFO[MusicPlayer.Artist,  ,]$INFO[MusicPlayer.Artist,  ,]$INFO[MusicPlayer.Artist,  ,]$INFO[MusicPlayer.Artist,  ,]$INFO[MusicPlayer.Artist,  ,]$INFO[MusicPlayer.Artist,  ,]</label>
                <scroll>true</scroll>
                <font>Music_Big</font>
                <textcolor>99cccccc</textcolor>
                <align>left</align>
                <scrollspeed>80</scrollspeed>
                <visible>!Pvr.IsPlayingRadio</visible>
                <visible>Integer.IsGreater(MusicPlayer.Time,0) + !String.IsEqual(Player.TimeRemaining(hh:mm:ss),00:00:01)</visible>                
                <animation effect="fade" start="0" end="100" time="950" delay="500" tween="cubic" easing="inout">Visible</animation>
                <animation effect="fade" end="0" start="100" time="350">Hidden</animation>
            </control>
        </control>
        <control type="image">
            <height>100%</height>
            <width>100%</width>
            <texture>common/white.png</texture>
            <colordiffuse>Background</colordiffuse>
            <animation effect="fade" start="100" end="60" condition="true">Conditional</animation>
            <visible>Window.IsVisible(script-cu-lrclyrics-main.xml)</visible>
            <visible>!Skin.HasSetting(osd.morecontrast)</visible>
            <animation effect="fade" start="0" end="100" time="250">Visible</animation>
            <animation effect="fade" end="0" start="100" time="250">Hidden</animation>
        </control>

        <!-- Normal -->
        <control type="group">
            <visible>!Skin.HasSetting(osd.usethemeNewOSDMusic)</visible>
            <visible>!Window.IsVisible(musicosd)</visible>
            <visible>Player.ShowInfo | Player.Seeking | Player.DisplayAfterSeek | Player.Paused | Player.Forwarding | Player.Rewinding</visible>
            <visible>!Window.IsVisible(script-cu-lrclyrics-main.xml) | [Window.IsVisible(script-cu-lrclyrics-main.xml) + !Skin.HasSetting(hideseekbaronlyrics)]</visible>
            <visible>Window.IsVisible(script-cu-lrclyrics-main.xml) | Player.Seeking | Player.DisplayAfterSeek | Player.Paused | Player.Forwarding | Player.Rewinding | Player.ShowInfo</visible>
            <animation type="Visible" condition="!Window.Next(musicplaylist)">
                <effect type="fade" start="70" end="100" time="200"/>
                <effect type="slide" start="0,120" end="0" time="200"/>
            </animation>
            <animation type="WindowOpen">
                <effect type="fade" start="70" end="100" time="200"/>
                <effect type="slide" start="0,120" end="0" time="200"/>
            </animation>
            <animation type="Hidden">
                <effect type="fade" start="100" end="70" time="200"/>
                <effect type="slide" end="0,120" start="0" time="200"/>
            </animation>
            <animation type="WindowClose">
                <effect type="fade" start="100" end="70" time="200"/>
                <effect type="slide" end="0,120" start="0" time="200"/>
            </animation>
            <animation type="Conditional" condition="Window.Next(musicplaylist)">
                <effect type="fade" start="100" end="0" time="0"/>
            </animation>
            <control type="image">
                <top>111r</top>
                <width>100%</width>
                <height>1</height>
                <texture colordiffuse="BoxHomerow">common/sch2.png</texture>
                <include>Animation.FadeOut</include>
            </control>
            <control type="image">
                <top>110r</top>
                <width>100%</width>
                <height>374</height>
                <texture>common/white.png</texture>
                <colordiffuse>Background</colordiffuse>
                <animation effect="fade" start="100" end="90" condition="true">Conditional</animation>
            </control>            
            <control type="grouplist">
                <right>SidePad</right>
                <bottom>38</bottom>
                <width>1400</width>
                <height>64</height>
                <orientation>horizontal</orientation>
                <align>right</align>
                <itemgap>20</itemgap>
                <usecontrolcoords>true</usecontrolcoords>
                <control type="label" description="Duration Total Time">
                    <align>right</align>
                    <width>400</width>
                    <bottom>13</bottom>
                    <height>40</height>
                    <font>Tiny</font>
                    <textcolor>$VAR[OSDPanelWhite70Music]</textcolor>
                    <label>$INFO[Player.Time]$INFO[Player.Duration,  /  ,]</label>
                </control>
                <control type="grouplist">
                    <orientation>horizontal</orientation>
                    <width>190</width>
                    <bottom>17</bottom>   
                    <height>30</height>
                    <itemgap>10</itemgap>
                    <include content="MusicVisualisation_RatingStars">
                        <param name="height" value="30" />
                    </include>
                </control>
                <control type="label">
                    <width>auto</width>
                    <height>60</height>
                    <label>$INFO[MusicPlayer.UserRating,,.0]</label>
                    <aligny>center</aligny>
                    <align>right</align>
                    <textcolor>$VAR[OSDPanelWhite30]</textcolor>
                    <font>Flag</font>
                    <textcolor>Dark1</textcolor>
                    <visible>Skin.HasSetting(musicosd.numericrating) + Integer.IsGreater(MusicPlayer.UserRating,0)</visible>
                </control>
            </control>
            <control type="group">
                <visible>!Window.IsVisible(musicosd)</visible>
                <visible>Player.ShowInfo | Player.Seeking | Player.DisplayAfterSeek | Player.Paused | Player.Forwarding | Player.Rewinding</visible>
                <visible>!Window.IsVisible(script-cu-lrclyrics-main.xml) | [Window.IsVisible(script-cu-lrclyrics-main.xml) + !Skin.HasSetting(hideseekbaronlyrics)]</visible>
                <visible>Window.IsVisible(script-cu-lrclyrics-main.xml) | Player.Seeking | Player.DisplayAfterSeek | Player.Paused | Player.Forwarding | Player.Rewinding | Player.ShowInfo</visible>
                <animation effect="fade" start="100" end="0" time="200">WindowClose</animation>
                <animation effect="fade" start="0" end="100" time="200">WindowOpen</animation>
                <animation effect="fade" start="100" end="0" time="200">Hidden</animation>
                <animation effect="fade" start="0" end="100" time="200">Visible</animation>
                <control type="image">
                    <visible>Skin.HasSetting(ShowClearArtMusicOSD)</visible>
                    <animation effect="slide" start="0,0" end="0,-333" time="150" condition="Skin.HasSetting(osd.artistinfos) + !Window.IsVisible(script-cu-lrclyrics-main.xml)">Conditional</animation>
                    <right>SidePad</right>
                    <bottom>111</bottom>
                    <width>350</width>
                    <height>197</height>
                    <fadetime>ClearArtFadetime</fadetime>
                    <texture>$VAR[MusicPlayerArt]</texture>
                    <aspectratio align="right" aligny="bottom">keep</aspectratio>
                </control>
                <control type="image">
                    <visible>Skin.HasSetting(ShowClearLogoMusicOSD)</visible>
                    <animation effect="slide" start="0,0" end="0,-330" time="150" condition="Skin.HasSetting(osd.artistinfos) + !Window.IsVisible(script-cu-lrclyrics-main.xml)">Conditional</animation>
                    <right>SidePad</right>
                    <bottom>121</bottom>
                    <width>400</width>
                    <height>155</height>
                    <fadetime>ClearArtFadetime</fadetime>
                    <texture>$VAR[MusicPlayerArt]</texture>
                    <aspectratio align="right" aligny="bottom">keep</aspectratio>
                </control>
            </control>
            <control type="group">
                <top>130r</top>
                <bottom>20</bottom>
                <left>SidePad</left>
                <right>SidePad</right>
                <control type="label" description="Finishes Time">
                    <left>0</left>
                    <right>0</right>
                    <bottom>30</bottom>
                    <height>40</height>
                    <font>Tiny</font>
                    <textcolor>$VAR[OSDPanelWhite70Music]</textcolor>
                    <label>$VAR[PlayerStatus]</label>
                </control>
                <control type="progress" description="cache">
                    <description>Progress Bar</description>
                    <width>100%</width>
                    <bottom>10</bottom>
                    <height>8</height>
                    <info>Player.ProgressCache</info>
                    <visible>true</visible>
                    <texturebg colordiffuse="OSDProgressBarColor">osd/progress-bg.png</texturebg>
                    <lefttexture colordiffuse="Highlight2">osd/progress-end.png</lefttexture>
                    <midtexture colordiffuse="Highlight2">osd/progress-end.png</midtexture>
                    <righttexture colordiffuse="Highlight2">osd/progress-end.png</righttexture>
                </control>
                <control type="progress" id="23">
                    <description>Progress Bar</description>
                    <width>100%</width>
                    <bottom>10</bottom>
                    <height>8</height>
                    <info>Player.Progress</info>
                </control>
            </control>
        </control>    

        <!-- Reloaded -->
        <control type="group">
            <visible>Skin.HasSetting(osd.usethemeNewOSDMusic)</visible>            
            <animation effect="slide" start="0,0" end="0,-40" time="0" condition="true">Conditional</animation>
            <animation type="Conditional" condition="Window.Next(musicplaylist)">
                <effect type="fade" start="100" end="0" time="0"/>
            </animation>
            <control type="group">
                <visible>!Window.IsVisible(musicosd)</visible>
                <visible>Player.ShowInfo | Player.Seeking | Player.DisplayAfterSeek | Player.Paused | Player.Forwarding | Player.Rewinding</visible>
                <visible>!Window.IsVisible(script-cu-lrclyrics-main.xml) | [Window.IsVisible(script-cu-lrclyrics-main.xml) + !Skin.HasSetting(hideseekbaronlyrics)]</visible>
                <visible>Window.IsVisible(script-cu-lrclyrics-main.xml) | Player.Seeking | Player.DisplayAfterSeek | Player.Paused | Player.Forwarding | Player.Rewinding | Player.ShowInfo</visible>
                <animation effect="fade" start="0" end="100" time="250">Visible</animation>
                <animation effect="fade" end="0" start="100" time="250">Hidden</animation>
                <control type="image">
                    <top>830r</top>
                    <width>100%</width>
                    <height>870</height>
                    <texture>common/fsinfoscreen.png</texture>
                    <animation effect="fade" start="0" end="100" time="250">Visible</animation>
                    <animation effect="fade" end="0" start="100" time="250">Hidden</animation>
                    <visible>!Window.IsVisible(script-cu-lrclyrics-main.xml) | [Window.IsVisible(script-cu-lrclyrics-main.xml) + !Skin.HasSetting(hideseekbaronlyrics)]</visible>
                </control>
                <control type="image">
                    <top>830r</top>
                    <width>100%</width>
                    <height>870</height>
                    <texture>common/fsinfoscreen.png</texture>
                    <animation effect="fade" start="80" end="80" condition="true">Conditional</animation>
                    <animation effect="fade" start="0" end="100" time="250">Visible</animation>
                    <animation effect="fade" end="0" start="100" time="250">Hidden</animation>
                    <visible>!Window.IsVisible(script-cu-lrclyrics-main.xml) | [Window.IsVisible(script-cu-lrclyrics-main.xml) + !Skin.HasSetting(hideseekbaronlyrics)]</visible>
                </control>
            </control>
            <control type="group">
                <visible>!Window.IsVisible(musicosd)</visible>
                <visible>Player.ShowInfo | Player.Seeking | Player.DisplayAfterSeek | Player.Paused | Player.Forwarding | Player.Rewinding</visible>
                <visible>!Window.IsVisible(script-cu-lrclyrics-main.xml) | [Window.IsVisible(script-cu-lrclyrics-main.xml) + !Skin.HasSetting(hideseekbaronlyrics)]</visible>
                <visible>Window.IsVisible(script-cu-lrclyrics-main.xml) | Player.Seeking | Player.DisplayAfterSeek | Player.Paused | Player.Forwarding | Player.Rewinding | Player.ShowInfo</visible>
                <animation type="Visible">
                    <effect type="fade" start="0" end="100" time="250"/>
                </animation>
                <animation type="WindowOpen" reversible="false">
                    <effect type="fade" start="0" end="100" time="250"/>
                </animation>
                <animation type="Hidden">
                    <effect type="fade" start="100" end="0" time="200"/>
                </animation>
                <animation type="WindowClose" reversible="false">
                    <effect type="fade" start="100" end="0" time="200"/>
                </animation>          
                <control type="image">
                    <visible>Skin.HasSetting(ShowClearArtMusicOSD)</visible>
                    <animation effect="slide" start="0,0" end="0,-70" time="150" condition="Skin.HasSetting(osd.artistinfos)">Conditional</animation>
                    <right>SidePadNewOSD</right>
                    <bottom>220</bottom>
                    <width>350</width>
                    <height>197</height>
                    <fadetime>ClearArtFadetime</fadetime>
                    <texture>$VAR[MusicPlayerArt]</texture>
                    <aspectratio align="right" aligny="bottom">keep</aspectratio>
                </control>
                <control type="image">
                    <visible>Skin.HasSetting(ShowClearLogoMusicOSD)</visible>
                    <animation effect="slide" start="0,0" end="0,-70" time="150" condition="Skin.HasSetting(osd.artistinfos)">Conditional</animation>
                    <right>SidePadNewOSD</right>
                    <bottom>220</bottom>
                    <width>400</width>
                    <height>155</height>
                    <fadetime>ClearArtFadetime</fadetime>
                    <texture>$VAR[MusicPlayerArt]</texture>
                    <aspectratio align="right" aligny="bottom">keep</aspectratio>
                </control>
                <control type="label" description="Duration Total Time">
                    <right>SidePadNewOSD</right>
                    <bottom>88</bottom>
                    <width>300</width>
                    <height>64</height>
                    <align>right</align>
                    <font>Tiny</font>
                    <textcolor>$VAR[OSDPanelWhite70Music]</textcolor>
                    <label>$INFO[Player.Time]$INFO[Player.Duration,  /  ,]</label>
                </control>
                <control type="grouplist">
                    <animation effect="slide" start="0,0" end="0,-70" time="150" condition="Skin.HasSetting(osd.artistinfos)">Conditional</animation>
                    <right>SidePadNewOSD</right>
                    <bottom>142</bottom>
                    <width>1400</width>
                    <height>64</height>
                    <orientation>horizontal</orientation>
                    <align>right</align>
                    <itemgap>12</itemgap>
                    <usecontrolcoords>true</usecontrolcoords>
                    <include>MusicVisualisation_RatingStars</include>
                    <control type="label">
                        <width>auto</width>
                        <height>60</height>
                        <label>$INFO[MusicPlayer.UserRating,,.0]</label>
                        <aligny>center</aligny>
                        <textcolor>$VAR[OSDPanelWhite30]</textcolor>
                        <font>Flag</font>
                        <textcolor>Dark1</textcolor>
                        <visible>Skin.HasSetting(musicosd.numericrating) + Integer.IsGreater(MusicPlayer.UserRating,0)</visible>
                    </control>
                </control>
                <control type="group">
                    <top>110r</top>
                    <bottom>0</bottom>
                    <width>100%</width>
                     <include content="MusicVisualisationInfoMatrx">
                        <param name="left" value="SidePadNewOSD" />
                        <param name="visible" value="!Skin.HasSetting(ShowMusicCd)" />
                    </include>
                    <include content="MusicVisualisationInfoMatrx">
                        <param name="left" value="560" />
                        <param name="visible" value="Skin.HasSetting(ShowMusicCd)" />
                    </include>
                </control>
            </control>
        </control>    

        <!-- Disc -->
        <control type="group">
            <visible>Skin.HasSetting(ShowMusicCd)</visible>
            <visible>!Window.IsVisible(musicosd)</visible>
            <visible>Player.ShowInfo</visible>
            <visible>!Window.IsVisible(script-cu-lrclyrics-main.xml) | [Window.IsVisible(script-cu-lrclyrics-main.xml) + !Skin.HasSetting(hideseekbaronlyrics)]</visible>
            <visible>Window.IsVisible(script-cu-lrclyrics-main.xml) | Player.Seeking | Player.DisplayAfterSeek | Player.Paused | Player.Forwarding | Player.Rewinding | Player.ShowInfo</visible>
            <animation effect="slide" start="0,0" end="-50,-120" time="0" condition="!Skin.HasSetting(osd.usethemeNewOSDMusic)">Conditional</animation>
            <animation type="Hidden">
                <effect type="slide" start="0,0" end="-520,0" tween="sine" easing="out" time="300" delay="0"/>
            </animation>
            <animation type="Visible">
                <effect type="slide" start="-520,0" end="0,0" tween="sine" easing="out" time="300" delay="0"/>
            </animation>
            <top>120</top>
            <left>50</left>            
            <control type="group">
                <animation effect="slide" start="0,0" end="0,-40" time="150" condition="Skin.HasSetting(osd.artistinfos) + Skin.HasSetting(osd.usethemeNewOSDMusic)">Conditional</animation>
                <animation type="WindowClose" reversible="false">
                    <effect type="slide" start="115,0" end="0,0" tween="sine" easing="out" time="400" delay="0"/>
                    <effect type="fade" start="100" end="0" time="5" delay="0"/>
                </animation>
                <animation type="WindowOpen" reversible="false">
                    <effect type="slide" start="0,0" end="115,0" tween="sine" easing="out" time="600" delay="500"/>
                </animation>
                <animation type="Visible" reversible="false">
                    <effect type="slide" start="-115,0" end="0,0" tween="sine" easing="out" time="600" delay="500"/>
                </animation>
                <animation type="Hidden" reversible="false">
                    <effect type="slide" start="0,0" end="-115,0" tween="sine" easing="out" time="400" delay="0"/>
                </animation>
                <include>DefDiscArt</include>
            </control>
            <control type="group">
                <animation type="WindowClose" reversible="false">
                    <effect type="slide" start="0,0" end="-495,0" tween="sine" easing="out" time="300" delay="0"/>
                </animation>
                <animation type="Hidden" reversible="false">
                    <effect type="slide" start="0,0" end="-480,0" tween="sine" easing="out" time="300" delay="0"/>
                </animation>
                <animation type="Visible" reversible="false">
                    <effect type="slide" start="-480,0" end="0,0" tween="sine" easing="out" time="400" delay="0"/>
                </animation>
                <animation type="WindowOpen" reversible="false">
                    <effect type="slide" start="-495,0" end="0,0" tween="sine" easing="out" time="400" delay="0"/>
                </animation>
                <animation effect="slide" start="0,0" end="0,-40" time="150" condition="Skin.HasSetting(osd.artistinfos) + Skin.HasSetting(osd.usethemeNewOSDMusic)">Conditional</animation>
                <control type="image">
                    <top>637</top>
                    <left>SidePad</left>
                    <height>260</height>
                    <width>260</width>
                    <texture colordiffuse="ff181818" diffuse="diffuse/wall.png">common/white.png</texture>
                </control>
                <control type="image">
                    <top>637</top>
                    <left>SidePad</left>
                    <height>260</height>
                    <width>260</width>
                    <aspectratio scalediffuse="false">scale</aspectratio>
                    <texture diffuse="diffuse/wall.png" fallback="DefaultAlbumCover.png">$INFO[Player.Art(thumb)]</texture>
                </control>
                <control type="image">
                    <top>636</top>
                    <left>79</left>
                    <height>262</height>
                    <width>262</width>
                    <texture colordiffuse="$VAR[MusicOSDBox]" border="4">common/box21.png</texture>
                </control>
            </control>
        </control>

        <!-- Artist Information -->
        <control type="group">
            <visible>Skin.HasSetting(osd.artistinfos) + Skin.HasSetting(ShowMusicCd) + !Skin.HasSetting(osd.usethemeNewOSDMusic)</visible>
            <visible>Player.ShowInfo</visible>
            <visible>!Window.IsVisible(musicosd)</visible>
            <visible>!Window.IsVisible(script-cu-lrclyrics-main.xml)</visible>
            <animation type="Hidden" reversible="false">
                <effect type="slide" start="0,0" end="1400,0" tween="sine" easing="out" time="300" delay="0"/>
                <effect type="fade" start="100" end="0" time="200"/>
            </animation>
            <animation type="Visible" reversible="false">
                <effect type="slide" start="1400,0" end="0,0" tween="sine" easing="out" time="300" delay="0"/>
                <effect type="fade" start="50" end="100" time="300"/>
            </animation>
            <animation type="WindowClose" reversible="false">
                <effect type="slide" start="0,0" end="1400,0" tween="sine" easing="out" time="300" delay="0"/>
                <effect type="fade" start="100" end="0" time="200"/>
            </animation>
            <animation type="WindowOpen" reversible="false">
                <effect type="slide" start="1400,0" end="0,0" tween="sine" easing="out" time="300" delay="0"/>
                <effect type="fade" start="50" end="100" time="300"/>
            </animation>
            <animation type="Conditional" condition="Window.Next(musicplaylist)">
                <effect type="fade" start="100" end="0" time="0"/>
            </animation>
            <control type="group">
                <left>539</left>
                <control type="image">
                    <top>637</top>
                    <height>261</height>
                    <width>1300</width>
                    <left>1</left>
                    <right>SidePadNewOSD</right>
                    <texture diffuse="diffuse/wall.png" border="5">common/white.png</texture>
                    <colordiffuse>Background</colordiffuse>
                    <animation effect="fade" start="100" end="80" condition="true">Conditional</animation>
                </control>
                <control type="image">
                    <top>636</top>
                    <height>263</height>
                    <width>1302</width>
                    <texture colordiffuse="BoxWidget" border="4">common/box21.png</texture>
                </control>
                <control type="label">
                    <left>35</left>
                    <bottom>373</bottom>
                    <height>40</height>
                    <font>SmallBold</font>
                    <textcolor>$VAR[OSDPanelWhite70Music]</textcolor>
                    <label>$LOCALIZE[19033]</label>
                </control>
                <control type="grouplist">
                    <orientation>vertical</orientation>
                    <top>727</top>
                    <left>35</left>
                    <itemgap>0</itemgap>
                    <width>280</width>
                    <include>Def_Label_Headers</include>
                </control>
                <control type="grouplist">
                    <orientation>vertical</orientation>
                    <top>727</top>
                    <left>250</left>
                    <width>190</width>
                    <itemgap>0</itemgap>
                    <include>Def_Label_Info</include>
                </control>
                <control type="label">
                    <left>470</left>
                    <right>0</right>
                    <bottom>313</bottom>
                    <height>40</height>
                    <width>180</width>
                    <font>TinyBold2</font>
                    <textcolor>$VAR[OSDPanelWhite70Music]</textcolor>
                    <label>$LOCALIZE[21887]:</label>
                </control>
                <control type="textbox">
                    <description>RSS feed</description>
                    <left>660</left>
                    <bottom>205</bottom>
                    <height>144</height>
                    <right>110</right>
                    <font>Tiny</font>
                    <textcolor>$VAR[OSDPanelWhite70Music]</textcolor>
                    <label fallback="19055">$INFO[Window(Visualisation).Property(ArtistSlideshow.ArtistBiography),]</label>
                </control>
            </control>
        </control>
        <control type="group">
            <visible>Skin.HasSetting(osd.artistinfos) + !Skin.HasSetting(ShowMusicCd) + !Skin.HasSetting(osd.usethemeNewOSDMusic)</visible>
            <visible>Player.ShowInfo</visible>
            <visible>!Window.IsVisible(musicosd)</visible>
            <visible>!Window.IsVisible(script-cu-lrclyrics-main.xml)</visible>
            <animation type="Hidden" reversible="false">
                <effect type="slide" start="0,0" end="1850,0" tween="sine" easing="out" time="300"/>
                <effect type="fade" start="100" end="0" time="200"/>
            </animation>
            <animation type="Visible" reversible="false">
                <effect type="slide" start="1480,0" end="0,0" tween="sine" easing="out" time="300"/>
                <effect type="fade" start="50" end="100" time="300"/>
            </animation>
            <animation type="WindowClose" reversible="false">
                <effect type="slide" start="0,0" end="1850,0" tween="sine" easing="out" time="300" delay="0"/>
                <effect type="fade" start="100" end="0" time="200"/>
            </animation>
            <animation type="WindowOpen" reversible="false">
                <effect type="slide" start="1480,0" end="0,0" tween="sine" easing="out" time="300" delay="0"/>
                <effect type="fade" start="50" end="100" time="300"/>
            </animation>
            <animation type="Conditional" condition="Window.Next(musicplaylist)">
                <effect type="fade" start="100" end="0" time="0"/>
            </animation>
            <control type="group">
                <left>SidePad</left>
                <top>2</top>
                <control type="image">
                    <top>635</top>
                    <height>261</height>
                    <width>1758</width>
                    <left>1</left>
                    <right>SidePadNewOSD</right>
                    <texture diffuse="diffuse/wall.png" border="5">common/white.png</texture>
                    <colordiffuse>Background</colordiffuse>
                    <animation effect="fade" start="100" end="80" condition="true">Conditional</animation>
                </control>
                <control type="image">
                    <top>634</top>
                    <height>263</height>
                    <width>1760</width>
                    <texture colordiffuse="BoxWidget" border="4">common/box21.png</texture>
                </control>
                <control type="label">
                    <left>35</left>
                    <bottom>375</bottom>
                    <height>40</height>
                    <font>SmallBold</font>
                    <textcolor>$VAR[OSDPanelWhite70Music]</textcolor>
                    <label>$LOCALIZE[19033]</label>
                </control>
                <control type="grouplist">
                    <orientation>vertical</orientation>
                    <top>725</top>
                    <left>35</left>
                    <itemgap>0</itemgap>
                    <width>280</width>
                    <include>Def_Label_Headers</include>
                </control>
                <control type="grouplist">
                    <orientation>vertical</orientation>
                    <top>725</top>
                    <left>250</left>
                    <width>190</width>
                    <itemgap>0</itemgap>
                    <include>Def_Label_Info</include>
                </control>
                <control type="label">
                    <left>470</left>
                    <right>0</right>
                    <bottom>315</bottom>
                    <height>40</height>
                    <width>180</width>
                    <font>TinyBold2</font>
                    <textcolor>$VAR[OSDPanelWhite70Music]</textcolor>
                    <label>$LOCALIZE[21887]:</label>
                </control>
                <control type="textbox">
                    <description>RSS feed</description>
                    <left>660</left>
                    <bottom>207</bottom>
                    <height>144</height>
                    <right>110</right>
                    <font>Tiny</font>
                    <textcolor>$VAR[OSDPanelWhite70Music]</textcolor>
                    <label fallback="19055">$INFO[Window(Visualisation).Property(ArtistSlideshow.ArtistBiography),]</label>
                </control>
            </control>
        </control>
    </controls>
</window>
