<?xml version="1.0" encoding="UTF-8"?>
<addons>
    <addon id="repository.tikipeter" name="Tikipeter's Repository" version="0.0.6" provider-name="Tikipeter">
        <extension point="xbmc.addon.repository" name="Tikipeter's Repository">
            <dir>
                <info compressed="false">https://raw.githubusercontent.com/Tikipeter/repository.tikipeter/master/addons.xml</info>
                <checksum>https://raw.githubusercontent.com/Tikipeter/repository.tikipeter/master/addons.xml.md5</checksum>
                <datadir zip="true">https://raw.githubusercontent.com/Tikipeter/repository.tikipeter/master/zip</datadir>
            </dir>
            <dir>
                <info compressed="false">https://raw.githubusercontent.com/mr-kodi/repository.myaccounts/master/zips/addons.xml</info>
                <checksum>https://raw.githubusercontent.com/mr-kodi/repository.myaccounts/master/zips/addons.xml.md5</checksum>
                <datadir zip="true">https://raw.githubusercontent.com/mr-kodi/repository.myaccounts/master/zips/</datadir>
            </dir>
            <dir>
                <info compressed="false">https://raw.githubusercontent.com/mr-kodi/repository.fenomscrapers/master/zips/addons.xml</info>
                <checksum>https://raw.githubusercontent.com/mr-kodi/repository.fenomscrapers/master/zips/addons.xml.md5</checksum>
                <datadir zip="true">https://raw.githubusercontent.com/mr-kodi/repository.fenomscrapers/master/zips/</datadir>
            </dir>
        </extension>
        <extension point="xbmc.addon.metadata">
            <platform>all</platform>
            <summary>Tikipeter's Repository</summary>
            <description>Unofficial add-ons repository</description>
        </extension>
    </addon>
    <addon id="plugin.video.fen" name="Fen" provider-name="Tiki" version="2.5.19">
        <requires>
            <import addon="script.module.requests" version="2.19.1" />
            <import addon="script.module.pil" version="1.1.7" />
            <import addon="script.tikiart" version="1.0.0" />
            <import addon="script.module.myaccounts" version="0.0.0" />
            <import addon="script.module.fenomscrapers" version="0.0.0" />
        </requires>
        <extension library="resources/lib/fen.py" point="xbmc.python.pluginsource">
            <provides>video</provides>
        </extension>
        <extension library="resources/lib/service.py" point="xbmc.service" start="startup" />
        <extension library="resources/lib/" point="xbmc.python.module" />
        <extension point="kodi.context.item">
            <menu id="kodi.core.main">
                <item library="resources/contextmenu/refresh_widgets.py">
                    <label>40001</label>
                    <visible>String.IsEqual(ListItem.Property(fen_widget),true)</visible>
                </item>
                <item library="resources/contextmenu/mark_watched.py">
                    <label>40003</label>
                    <visible>[String.IsEqual(ListItem.dbtype,movie) | String.IsEqual(ListItem.dbtype,episode)] + String.IsEqual(ListItem.Property(fen_widget),true) + String.IsEqual(ListItem.Property(fen_playcount),0)</visible>
                </item>
                <item library="resources/contextmenu/mark_unwatched.py">
                    <label>40004</label>
                    <visible>[String.IsEqual(ListItem.dbtype,movie) | String.IsEqual(ListItem.dbtype,episode)] + String.IsEqual(ListItem.Property(fen_widget),true) + String.IsEqual(ListItem.Property(fen_playcount),1)</visible>
                </item>
                <item library="resources/contextmenu/clear_progress.py">
                    <label>40009</label>
                    <visible>[String.IsEqual(ListItem.dbtype,movie) | String.IsEqual(ListItem.dbtype,episode)] + String.IsEqual(ListItem.Property(fen_widget),true) + String.IsEqual(ListItem.Property(fen_in_progress),true)</visible>
                </item>
                <item library="resources/contextmenu/browse.py">
                    <label>40002</label>
                    <visible>String.IsEqual(ListItem.dbtype,episode) + String.IsEqual(ListItem.Property(fen_widget),true)</visible>
                </item>
                <item library="resources/contextmenu/trakt_manager.py">
                    <label>40005</label>
                    <visible>[String.IsEqual(ListItem.dbtype,movie) | String.IsEqual(ListItem.dbtype,tvshow)] + String.IsEqual(ListItem.Property(fen_widget),true)</visible>
                </item>
                <item library="resources/contextmenu/favorites_manager.py">
                    <label>40008</label>
                    <visible>[String.IsEqual(ListItem.dbtype,movie) | String.IsEqual(ListItem.dbtype,tvshow)] + String.IsEqual(ListItem.Property(fen_widget),true)</visible>
                </item>
                <item library="resources/contextmenu/play_random.py">
                    <label>40010</label>
                    <visible>[String.IsEqual(ListItem.dbtype,tvshow)] + String.IsEqual(ListItem.Property(fen_widget),true)</visible>
                </item>
                <item library="resources/contextmenu/options.py">
                    <label>40007</label>
                    <visible>String.IsEqual(ListItem.Property(fen_widget),true)</visible>
                </item>
                <item library="resources/contextmenu/extras.py">
                    <label>40006</label>
                    <visible>String.IsEqual(ListItem.Property(fen_widget),true)</visible>
                </item>
            </menu>
        </extension>
        <extension point="xbmc.addon.metadata">
            <reuselanguageinvoker>true</reuselanguageinvoker>
            <summary lang="en">Mainly used for Furk and Easynews.</summary>
            <description lang="en">This add-on is intended for advanced Kodi users only. Mainly used for Furk and Easynews(web) account access. Also utilizes Fenomscrapers for those without a Furk or Easynews(web) account. You must have a debrid service to use this add-on without Furk/Easynews.[CR][CR][B]Please Note: This add-on is NOT an Exodus fork, and as such will behave differently to an Exodus fork.[/B]</description>
            <platform>all</platform>
            <disclaimer lang="en">The author of this addon do not host any of the content which is found and have no affiliation with any of the content providers. This addon simply searches websites for content. Use at your own risk!</disclaimer>
            <license>GNU GENERAL PUBLIC LICENSE. Version 3, 29 June 2007</license>
            <assets>
                <icon>icon.png</icon>
                <fanart>fanart.png</fanart>
            </assets>
            <news>INFO: For latest changes see Changelog within Tools of add-on.</news>
        </extension>
    </addon>
    <addon id="script.tikiart" name="Tiki Art Module" provider-name="Tiki" version="1.1.56">
        <extension point="xbmc.python.module" />
        <extension point="xbmc.addon.metadata">
            <summary>Themes for Addons</summary>
            <description>Themes for Addons</description>
            <platform>all</platform>
            <license>GNU GENERAL PUBLIC LICENSE. Version 3, 29 June 2007</license>
            <assets>
                <icon>icon.png</icon>
                <fanart>fanart.png</fanart>
            </assets>
        </extension>
    </addon>
    <addon id="plugin.program.thumbcache.cleaner" name="Thumbnail Cache Cleaner" version="1.0.03" provider-name="Tiki">
        <requires />
        <extension point="xbmc.python.pluginsource" library="default.py">
            <provides>executable</provides>
        </extension>
        <extension point="xbmc.python.module" />
        <extension point="xbmc.addon.metadata">
            <summary lang="en">Clean Kodi's Thumbnail Cache</summary>
            <description lang="en">Clean Kodi's Thumbnail Cache</description>
            <platform>all</platform>
            <reuselanguageinvoker>false</reuselanguageinvoker>
            <source>/</source>
            <news></news>
            <assets>
                <icon>icon.png</icon>
            </assets>
        </extension>
    </addon>
</addons>
